{"cameraMode":{"drawMode":0,"name":"Shaded","section":"Shading Mode"},"sceneLighting":false,"audioPlay":false,"sceneViewState":{"m_AlwaysRefresh":false,"showFog":true,"showSkybox":false,"showFlares":true,"showImageEffects":true,"showParticleSystems":true,"showVisualEffectGraphs":true,"m_FxEnabled":true},"in2DMode":false,"pivot":{"x":-0.8019999861717224,"y":0.8650000095367432,"z":0.7756034731864929},"rotation":{"x":0.07475228607654572,"y":0.9109388589859009,"z":-0.18987460434436799,"w":0.35857653617858889},"size":0.43301278352737429,"orthographic":false}